of HHincome,mean(HHincome),      Freq.,Percent,e(y| y > z),inv Pareto,e(y| y <z)
1,0.0,16937,6.28,5345838.51135121,,
43,8.21304607391357,75,0.03,5352512.45679229,651708.563256821,0.0
44,11854.544921875,398,0.15,5359188.27918213,452.078786195572,4.10652303695679
45,24191.185546875,400,0.15,5365865.37191509,221.810764979571,3954.25265598297
46,34143.46484375,447,0.17,5372546.72768836,157.352124404322,9013.48587870598
47,41661.97265625,447,0.17,5379235.41621412,129.116195735565,14039.4816717148
48,49069.69921875,497,0.18,5385931.6043008,109.760844065716,18643.2301691373
49,57164.125,275,0.1,5392634.45647602,94.3359923111921,22989.8686047963
50,68848.234375,573,0.21,5399339.47690688,78.4237900350205,27261.6506541967
51,82782.34375,826,0.31,5406043.8364695,65.304309972131,31882.3821787304
53,92194.484375,224,0.08,5412753.24221709,58.7101633998058,36972.3783358574
54,99991.0703125,653,0.24,5419469.75570875,54.1995374064044,41992.5697939613
55,106382.796875,134,0.05,5426195.18223892,51.0063219019774,46825.7781705062
56,117626.34375,332,0.12,5432923.40636882,46.187981647341,51407.0873016211
57,126855.578125,568,0.21,5439656.99498334,42.880707930898,56137.034190791
58,146297.015625,549,0.2,5446382.99241582,37.2282576589014,60851.6037864049
59,157559.296875,196,0.07,5453111.77574348,34.6099016935174,66191.9420263171
60,166259.390625,731,0.27,5459846.61954618,32.8393277457688,71566.4923115338
62,177179.171875,305,0.11,5466584.71578045,30.8534273974208,76827.2088845041
63,198402.28125,1416,0.53,5473312.9181234,27.5869454909476,82108.8911471618
66,206620.296875,344,0.13,5480047.81917359,26.5223112252563,87923.5606523037
67,220635.890625,344,0.13,5486782.02138684,24.8680394012249,93575.7861867178
68,238777.203125,1122,0.42,5493510.23269231,23.0068455480503,99351.245479367
71,248490.84375,913,0.34,5500243.24859596,22.134591221114,105413.243637873
73,254839.8125,108,0.04,5506985.41239557,21.6095960767338,111374.810309211
74,264707.6875,419,0.16,5513732.23057432,20.8295130475737,117113.410396843
75,277793.78125,315,0.12,5520479.57393686,19.8725815570677,122790.113362349
76,288831.0,474,0.18,5527230.08822581,19.1365542072209,128530.989950781
77,299599.9375,1596,0.59,5533984.13234819,18.4712459506043,134255.990309681
80,300008.21875,6,0.0,5540755.12318079,18.4686777791176,139957.505730037
81,313931.53125,561,0.21,5547525.62006153,17.6711322942701,145292.529497369
82,324125.4375,232,0.09,5554300.45817121,17.1362682948055,150732.497295841
83,332376.53125,518,0.19,5561082.17755682,16.7312720806211,156151.026677221
84,339614.125,366,0.14,5567872.12300878,16.3947012598748,161491.193482457
85,348818.3125,483,0.18,5574667.76599121,15.9815799980146,166730.103232973
86,350008.15625,2,0.0,5581479.57773794,15.9467128924597,171932.623497745
87,357695.6875,251,0.09,5588299.13895235,15.6230542727814,176879.166074196
88,369231.59375,437,0.16,5595121.44946895,15.1534200869531,181766.099085705
89,385124.59375,418,0.15,5601940.81708115,14.5457883188774,186699.40157687
90,399595.5,2039,0.76,5608759.0940367,14.0360917328566,191787.227017207
95,405060.8125,204,0.08,5615588.09440617,13.863567941187,196982.433841777
96,415217.84375,448,0.17,5622421.69526117,13.540896134142,202057.516248075
97,421074.96875,360,0.13,5629265.5725329,13.3687965096664,207132.762140978
98,436805.75,663,0.25,5636106.75806983,12.9030049583135,212108.162294676
99,443531.3125,121,0.04,5642957.12145449,12.7227930980735,217214.925651615
100,449887.4375,547,0.2,5649817.18708719,12.5582906215006,222244.178692691
101,457542.375,229,0.08,5656685.27546296,12.3631942843829,227192.945188502
102,468307.96875,325,0.12,5663557.29838576,12.093659891167,232093.996886619
103,479780.15625,460,0.17,5670432.33438329,11.8188138056893,237015.121300439
104,482751.5625,127,0.05,5677321.68467795,11.7603382892789,241969.509768797
105,498851.03125,2675,0.99,5684207.94884475,11.3945999762725,246785.150823421
111,508339.0625,240,0.09,5691099.91806758,11.1954802176305,251727.61906708
112,519665.84375,331,0.12,5697995.1635,10.9647290312218,256662.454517713
113,529475.5625,313,0.12,5704895.72371495,10.7746157287759,261624.782616435
114,538948.125,486,0.18,5711802.07077206,10.5980553708616,266584.982243909
115,547683.6875,536,0.2,5718715.21452477,10.4416387506973,271537.039384929
116,554936.625,75,0.03,5725637.16973861,10.3176415320193,276468.229529841
117,560913.0,276,0.1,5732569.68540268,10.2200692182258,281353.639976686
118,570296.625,359,0.13,5739508.22446237,10.0640753826351,286173.628942605
119,581216.0625,431,0.16,5746450.74419583,9.88694414169916,290989.272943577
120,598882.4375,2864,1.06,5753388.16778976,9.60687408334588,295826.386102851
127,605778.625,176,0.07,5760335.009278,9.50897699514902,300794.518092968
128,617974.75,375,0.14,5767284.14476351,9.33255629742722,305713.616591469
129,627093.875,269,0.1,5774239.74729364,9.20793517125907,310670.142518588
130,637751.9375,546,0.2,5781199.75787602,9.06496620071188,315614.263338611
131,643488.5,152,0.06,5788170.87220149,8.99498727980608,320570.227556478
132,649929.375,469,0.17,5795152.17858356,8.91658755781512,325462.928654107
133,657169.5625,254,0.09,5802142.63112245,8.82898868451846,330305.711435389
134,665929.4375,403,0.15,5809140.19678134,8.72335696495071,335112.532774575
135,676039.625,426,0.16,5816143.0625,8.60325763079346,339906.980669146
136,683984.75,162,0.06,5823154.20773566,8.5135731574946,344708.875588158
137,698959.1875,1759,0.65,5830164.0504446,8.34120812017311,349487.409030579
141,706124.8125,174,0.06,5837183.2822774,8.26650356841468,354341.183731543
142,716942.75,519,0.19,5844206.93184156,8.15156709770977,359160.137550289
143,723467.1875,158,0.06,5851240.91500687,8.08777649643837,363995.037718528
144,731746.25,286,0.11,5858282.86090096,8.00589392962514,368787.999715614
145,740613.125,408,0.15,5865331.99276859,7.91956258237875,373563.766166725
146,749750.25,634,0.24,5872387.96758621,7.83245883223941,378330.640956767
147,753765.0,70,0.03,5879457.88881215,7.80012057977242,383092.430816296
148,762088.625,332,0.12,5886535.85459889,7.72421429935251,387784.488654064
149,776437.5,446,0.17,5893613.55315097,7.59058334141637,392463.290358388
150,782874.0,117,0.04,5900701.95752427,7.5372307134025,397203.712699643
151,799142.3125,2958,1.1,5907787.45703125,7.39266006144713,401907.008886233
159,802743.375,83,0.03,5914887.6574235,7.36834191552625,406692.976399651
160,812496.25,331,0.12,5921994.05214136,7.28864170405877,411407.862097275
161,824230.9375,379,0.14,5929103.90306834,7.19349836715919,416126.549013777
162,833185.5,325,0.12,5936221.1075419,7.1247292560203,420871.948879896
163,839745.5625,414,0.15,5943349.04536713,7.07755933556021,425611.185099668
164,848165.6875,591,0.22,5950485.15651261,7.01571077940194,430317.257570126
166,857952.6875,263,0.1,5957627.55829243,6.94400477449688,435012.183749113
167,867874.4375,264,0.1,5964776.08795646,6.87285606099726,439711.522679679
168,878310.1875,303,0.11,5971930.0484353,6.79934052163696,444416.609655726
169,886786.375,276,0.1,5979092.22262324,6.74242680219713,449132.844197512
170,899479.1875,2034,0.75,5986256.69799013,6.65524759347489,453838.796141624
175,903071.1875,65,0.02,5993436.33854167,6.63672634173335,458579.651368841
176,910529.6875,259,0.1,6000625.7397454,6.59025820038998,463258.509643906
177,919356.4375,296,0.11,6007823.00504603,6.53481365876228,467917.58441324
178,929469.1875,297,0.11,6015026.34379433,6.47146395457496,472571.593207949
179,939524.375,291,0.11,6022235.86363636,6.40987719305991,477233.813557868
180,949015.5625,518,0.19,6029452.39322546,6.35337567841567,481903.415188597
181,954291.1875,85,0.03,6036681.96759259,6.32582805611688,486574.536661711
182,959807.875,314,0.12,6043924.29868046,6.29701470065606,491205.394590803
183,967760.625,285,0.11,6051175.96107143,6.25276106999231,495799.536555599
184,979252.875,309,0.11,6058431.93115165,6.18679003740647,500381.68304535
185,990021.3125,252,0.09,6065693.26441619,6.12683099629352,504986.213737222
186,999994.4375,4355,1.61,6072961.125,6.07299490603416,509605.595630201
196,1002186.625,67,0.02,6080246.72054598,6.06698050928985,514231.905459161
197,1012326.125,273,0.1,6087538.6926259,6.01341656832762,518792.229940851
198,1021470.1875,280,0.1,6094838.50315202,5.96673165574107,523361.988228436
199,1031141.1875,272,0.1,6102145.42568543,5.91785635144695,527931.788221753
200,1039312.875,355,0.13,6109461.65769509,5.87836618274847,532506.419124283
201,1047432.125,632,0.23,6116787.31548481,5.83979350020872,537072.243051091
203,1057466.5,249,0.09,6124119.66449275,5.79131316641497,541629.027711349
204,1068092.75,289,0.11,6131457.87481858,5.74056688880116,546193.961094434
205,1078835.5,307,0.11,6138801.80268895,5.69021116072743,550772.020646238
206,1083658.875,286,0.11,6146160.0893377,5.67167420590516,555363.876988444
207,1098335.375,1460,0.54,6153518.43440233,5.60258603561989,559918.144212682
211,1108041.125,221,0.08,6160884.09470803,5.56015833320991,564520.000886078
212,1118128.875,415,0.15,6168256.54385965,5.51658818743917,569126.112107382
213,1124487.625,143,0.05,6175641.27141288,5.49196019068052,573739.580703118
214,1131034.125,254,0.09,6183038.05608504,5.46671220559773,578329.147738926
215,1138941.125,292,0.11,6190444.95319383,5.43526334883538,582896.957468356
216,1148829.375,500,0.19,6197859.09375,5.39493438157429,587454.696546484
217,1155649.25,129,0.05,6205285.0287187,5.36952282772537,592018.718322529
218,1159990.5,1043,0.39,6212726.4660767,5.35584254015589,596564.125836057
221,1165768.25,240,0.09,6220181.35265879,5.33569288120412,601071.536829369
222,1169242.125,148,0.05,6227653.15625,5.32623057542509,605553.256775167
223,1178215.875,279,0.1,6235133.80407407,5.29201306515589,609991.75180056
224,1186859.375,279,0.1,6242623.8254822,5.25978389434906,614431.002763055
225,1199712.75,4039,1.5,6250117.00687221,5.20967790570886,618868.432005202
235,1200281.0,55,0.02,6257631.6437872,5.21347221507897,623336.465220547
236,1202508.875,238,0.09,6265165.35879285,5.21007826972823,627740.621974588
237,1210852.25,330,0.12,6272709.10970149,5.18040835263055,632094.926921751
238,1218438.0,290,0.11,6280264.07399103,5.154356704232,636446.485741888
239,1225993.5,263,0.1,6287830.34730539,5.12876320086965,640789.705997545
240,1237472.625,510,0.19,6295402.09801349,5.08730615193487,645124.548916082
241,1241516.0,76,0.03,6302990.51557808,5.07685000884248,649480.049475523
242,1243090.625,204,0.08,6310599.38759398,5.07654008539722,653801.479771322
243,1249338.75,735,0.27,6318221.76807229,5.05725270113673,658071.690968631
245,1253952.875,213,0.08,6325860.18269231,5.04473518009384,662325.410817778
246,1260156.875,260,0.1,6333512.30249245,5.02597131209751,666551.321276222
247,1268880.625,284,0.11,6341174.3776475,4.99745543647773,670761.289742348
248,1278544.625,364,0.13,6348845.02878788,4.96568121647524,674973.39773712
249,1282503.125,193,0.07,6356532.95276935,4.95634889994467,679194.175550147
250,1287789.125,243,0.09,6364236.21086626,4.94198629831282,683383.821032438
251,1293646.25,218,0.08,6371954.00380518,4.92557683663921,687552.133473594
252,1299984.375,2445,0.91,6379685.6648247,4.90750949589274,691703.463038843
259,1300571.0,395,0.15,6387440.03835878,4.9112582383882,695841.428426334
260,1303708.25,160,0.06,6395213.32855505,4.90540220832003,699927.439045075
261,1309634.0,266,0.1,6403001.3520291,4.88915326879807,703979.659252826
262,1318381.625,382,0.14,6410799.84854294,4.862628336877,708017.354857807
263,1323417.375,212,0.08,6418614.56816436,4.85003045102409,712059.502342193
264,1329600.0,243,0.09,6426443.82134615,4.83336629162617,716081.593609678
265,1333792.875,245,0.09,6434290.74114022,4.82405541500603,720091.517834452
266,1339239.375,332,0.12,6442153.47472994,4.81030769777803,724076.59158228
267,1341571.125,284,0.11,6450036.90958269,4.80782329716786,728045.383733362
268,1345139.625,260,0.1,6457939.22736068,4.80094341682982,731978.241049174
269,1349726.125,737,0.27,6465858.9375969,4.79049698885905,735883.727571153
270,1350008.25,2,0.0,6473802.80512422,4.7953801801761,739768.806035893
271,1354002.5,259,0.1,6481765.16951788,4.78711462461693,743606.789960195
272,1359714.5,288,0.11,6489743.44158879,4.7728721298396,747421.763147944
273,1364530.75,234,0.09,6497739.09321373,4.76188542706988,751224.823625286
274,1369594.25,250,0.09,6505751.81953125,4.75013079204388,755010.662676982
275,1377690.625,375,0.14,6513776.95442097,4.72804041503946,758781.114132951
276,1382260.875,124,0.05,6521820.0830721,4.71822663943382,762554.952613848
277,1383333.375,545,0.2,6529886.78120094,4.72039994061514,766310.746082855
278,1383918.875,398,0.15,6537977.92570755,4.72424940783292,770027.749871513
279,1386489.5,221,0.08,6546090.50590551,4.72134156508615,773703.744632761
280,1390796.25,411,0.15,6554221.88485804,4.71256798748058,777351.278890899
281,1393207.0,240,0.09,6562375.14691943,4.710265701306,780981.130790953
282,1396091.125,320,0.12,6570549.64695411,4.7063902415067,784582.459433359
283,1399800.125,2481,0.92,6578744.17868463,4.69977396143226,788158.533501
289,1400235.5,30,0.01,6586964.03373016,4.70418299902421,791714.58926553
290,1402140.5,225,0.08,6595206.99642289,4.7036705639862,795232.051177289
291,1407494.25,256,0.09,6603467.68550955,4.69164807281419,798720.030768225
292,1411210.0,264,0.1,6611748.79824561,4.68516294403074,802198.740592406
293,1418085.625,437,0.16,6620045.38478434,4.66829736376768,805659.03183904
294,1422070.0,148,0.05,6628362.1454,4.6610660132061,809119.069088537
295,1424897.875,291,0.11,6636701.03044872,4.65766785598492,812562.613644219
296,1428594.25,283,0.1,6645060.7524077,4.65146821948059,815983.481026095
297,1432445.75,283,0.1,6653441.16237942,4.64481196748946,819386.874187062
298,1436513.375,250,0.09,6661842.01227858,4.6375078215186,822773.939799288
299,1439937.125,492,0.18,6670264.43951613,4.63233034533791,826146.134498193
300,1440496.0,69,0.03,6678713.17689822,4.63639828010506,829500.183626618
301,1442435.75,202,0.07,6687186.11771845,4.63603742330877,832820.81306343
302,1448731.375,697,0.26,6695676.31989465,4.62175144090784,836116.028938763
304,1452646.25,195,0.07,6704187.73234578,4.61515508840902,839409.659831565
305,1458458.0,403,0.15,6712717.37418699,4.60261274180469,842688.999885942
306,1462488.375,150,0.06,6721268.23574919,4.59577549513799,845964.366907825
307,1466170.125,303,0.11,6729840.98960033,4.59008192490645,849226.398696672
308,1470977.75,242,0.09,6738433.90339052,4.5809217055734,852473.470940374
309,1476461.75,248,0.09,6747045.96910802,4.56973976407314,855711.713239116
310,1480252.25,254,0.09,6755680.05717213,4.56387082483552,858944.786347245
311,1483603.75,252,0.09,6764336.99692118,4.55939599567687,862163.996003477
312,1489400.5,271,0.1,6773012.87931743,4.54747590008022,865367.29370449
313,1494868.375,256,0.09,6781708.33978583,4.53665918230816,868567.463993185
314,1499996.5,2292,0.85,6790424.03589109,4.52695992016721,871762.876804444
320,1502716.0,196,0.07,6799164.04917355,4.52458352022175,874951.879967873
321,1508813.75,271,0.1,6807922.90728477,4.51210290685962,878122.405826622
322,1514596.375,318,0.12,6816701.22657546,4.50067182194032,881291.709063674
323,1519077.125,268,0.1,6825501.2666113,4.49318942026153,884458.232393355
324,1522497.75,136,0.05,6834324.89975042,4.48888998341733,887615.540316771
325,1526392.25,231,0.09,6843171.45416667,4.48323257286367,890758.521552827
326,1532386.75,278,0.1,6852037.53881469,4.47148054419988,893889.722185572
327,1538826.875,321,0.12,6860922.50647993,4.4585408650859,897019.609576819
328,1542501.125,259,0.1,6869831.08500838,4.45369599649944,900150.376725225
329,1549186.125,570,0.21,6878758.34165268,4.44024009164986,903268.584241122
331,1554298.25,212,0.08,6887707.01407563,4.43139340475718,906388.95883416
332,1559554.0,286,0.11,6896676.96864478,4.42221107357923,909503.90734938
333,1563878.875,264,0.1,6905669.88279933,4.41573192987809,912614.194874024
334,1569208.0,203,0.08,6914684.17652027,4.4064803241637,915715.455255577
335,1577768.125,335,0.12,6923714.49132826,4.3882965954381,918812.576320716
336,1582939.625,211,0.08,6932766.65211864,4.37967850613294,921920.857210713
337,1586954.375,268,0.1,6941842.73408319,4.37431777714668,925024.231707376
338,1593340.125,195,0.07,6950938.82695578,4.36249531276681,928117.363218089
339,1599921.625,2755,1.02,6960054.69953152,4.35024728135137,931211.422575214
346,1600856.5,96,0.04,6969200.08895051,4.35341961565606,934307.303141996
347,1606828.25,298,0.11,6978366.53653846,4.34294488943573,937378.958427056
348,1614513.75,243,0.09,6987551.21596747,4.32796017746363,940449.826737023
349,1619741.375,257,0.1,6996758.43696398,4.31967630447421,943527.744194845
350,1624895.875,309,0.11,7005988.44136598,4.31165377988665,946601.442516687
351,1631513.125,271,0.1,7015238.82917384,4.29983597537644,949670.648093534
352,1638540.25,412,0.15,7024508.99913793,4.28705306393171,952742.010602122
353,1640935.375,105,0.04,7033807.05375648,4.28646195390631,955817.339029915
354,1645019.75,212,0.08,7043130.21518166,4.28148672086257,958875.901690496
355,1649948.75,409,0.15,7052477.15012998,4.2743613400901,961925.429905205
356,1654018.5,185,0.07,7061849.47417535,4.26951057329489,964969.780879076
357,1659437.0,260,0.1,7071244.97413043,4.26123135384497,968005.237791502
358,1663141.5,171,0.06,7080666.75718641,4.25740489139764,971037.833239785
359,1667055.25,277,0.1,7090114.59576789,4.25307715252262,974060.119994197
360,1672486.25,224,0.08,7099585.97399476,4.24492935233085,977073.14229857
361,1679125.75,319,0.12,7109078.89908056,4.23379779571635,980083.588652256
362,1682762.75,168,0.06,7118598.75197368,4.23030445139916,983096.701416686
363,1687105.375,259,0.1,7128144.43453427,4.22507363212821,986099.559994296
364,1693867.25,213,0.08,7137711.82394366,4.21385549779279,989095.311340475
365,1699919.375,1174,0.44,7147302.28681658,4.20449486718544,992094.340866685
368,1702670.875,132,0.05,7156921.77694346,4.20335009074696,995093.599485894
369,1708989.25,249,0.09,7166564.13539823,4.19345185196351,998079.157610426
370,1717714.125,363,0.13,7176225.21697695,4.1777762158048,1001066.17480534
371,1723615.0,196,0.07,7185910.13743339,4.1690923654258,1004064.7017936
372,1728734.375,185,0.07,7195620.41459075,4.16236324021193,1007062.82803613
373,1733971.75,275,0.1,7205355.97370766,4.15540563086317,1010057.31578287
374,1739665.75,296,0.11,7215116.13482143,4.14741517720943,1013048.69774244
375,1744293.25,250,0.09,7224902.93783542,4.14202310181239,1016038.89137313
376,1749967.75,382,0.14,7234714.64964158,4.13419884431675,1019023.5403839
377,1757311.875,407,0.15,7244548.40686715,4.12251718657916,1022006.98613743
378,1763066.625,179,0.07,7254407.18705036,4.11465289183292,1024996.0304011
379,1767735.5,230,0.09,7264293.08198198,4.10937783507882,1027984.17046021
380,1774836.25,236,0.09,7274201.84882671,4.09851998956338,1030967.03872448
381,1781433.625,288,0.11,7284134.52192586,4.08891716183131,1033954.46527579
382,1787563.125,230,0.09,7294092.07880435,4.08046685277442,1036944.38191468
383,1794522.0,247,0.09,7304073.14972777,4.07020540830804,1039934.89483534
384,1799999.125,2395,0.89,7314080.55704545,4.06338006250167,1042929.28810981
390,1801436.0,130,0.05,7324121.80396175,4.06571302225655,1045921.65900661
391,1807817.25,214,0.08,7334188.05314781,4.05693000946186,1048896.12491603
392,1814728.375,230,0.09,7344278.47303473,4.04704008280839,1051872.28619087
393,1821620.375,321,0.12,7354393.23145604,4.0372809463421,1054852.19278778
394,1828717.125,214,0.08,7364532.08669725,4.02715761011821,1057835.7265707
395,1834973.5,226,0.08,7374696.71645221,4.01896633191281,1060823.63896772
396,1840285.25,288,0.11,7384889.00276243,4.01290452268877,1063812.63457016
397,1847679.75,506,0.19,7395105.25599631,4.0023739265402,1066799.06770643
398,1852092.875,90,0.03,7405351.11991682,3.99836920700687,1069790.94771521
399,1858222.125,295,0.11,7415623.58101852,3.99070890463029,1072776.83293386
400,1864690.75,233,0.09,7425922.15769944,3.98238804890272,1075763.31693411
401,1869799.625,227,0.08,7436249.52300186,3.9770301713489,1078751.678423
402,1877070.125,280,0.1,7446601.81238361,3.96714097848828,1081736.76501385
403,1883778.0,233,0.09,7456980.21501866,3.95852388923677,1084726.7400514
404,1890414.875,235,0.09,7467385.01004673,3.95013026441972,1087719.44139952
405,1899464.625,1035,0.38,7477811.82724719,3.93679973231783,1090714.57361444
408,1902135.875,107,0.04,7488272.75773921,3.93677068823446,1093721.07938168
409,1908075.75,208,0.08,7498761.84985902,3.93001265796655,1096715.20825434
410,1917486.25,449,0.17,7509272.72669492,3.91620681853386,1099709.15859288
411,1921758.625,94,0.03,7519815.20613208,3.91298631800447,1102715.69201717
412,1926786.5,244,0.09,7530388.03922495,3.90826281958326,1105715.84928085
413,1934263.125,223,0.08,7540986.76065341,3.89863543547283,1108712.45749515
414,1940603.5,263,0.1,7551613.67386148,3.89137382977073,1111714.45992244
415,1948223.375,491,0.18,7562266.50712928,3.88162189416769,1114717.68108214
416,1951572.375,50,0.02,7572953.54357143,3.88043694437488,1117726.72690856
417,1958412.875,313,0.12,7583668.31583969,3.87235419693597,1120726.17168587
418,1965286.625,193,0.07,7594410.91945507,3.86427649934017,1123728.63298807
419,1973105.25,234,0.09,7605179.70426245,3.85442170622295,1126734.19724525
420,1980623.0,238,0.09,7615975.39851248,3.84524232956624,1129746.19387427
421,1986646.125,278,0.1,7626801.03173077,3.8390335026228,1132763.48751302
422,1999579.5,3843,1.42,7637643.46242775,3.81962480732961,1135780.74064901
432,2004166.875,209,0.08,7648518.89985521,3.81630840987491,1138822.28557631
433,2013213.5,227,0.08,7659418.91029981,3.80457358859346,1141858.5823813
434,2020505.25,204,0.08,7670347.03754845,3.79625197091096,1144905.27789745
435,2026555.125,266,0.1,7681305.85679612,3.79032662967711,1147956.14888039
436,2036671.25,401,0.15,7692287.63618677,3.77689214014622,1151006.83976969
437,2041991.25,114,0.04,7703301.85916179,3.77244606663314,1154071.42250405
438,2048962.25,369,0.14,7714345.49121094,3.76500127867702,1157133.21501266
439,2053921.125,136,0.05,7725422.64261252,3.76130443792603,1160197.91960024
440,2060887.625,231,0.09,7736529.57401961,3.75397934374011,1163258.61550915
441,2068722.875,254,0.09,7747664.75417485,3.74514385073199,1166322.19574632
442,2078126.125,257,0.1,7758825.2632874,3.73356803032703,1169391.58581181
443,2082883.875,248,0.09,7770020.41395464,3.73041459834367,1172472.04187685
444,2088530.125,237,0.09,7781248.65563241,3.72570573078634,1175547.75752929
445,2099515.25,1031,0.38,7792499.61287129,3.71157085563979,1178621.77223458
448,2101830.5,77,0.03,7803790.62301587,3.71285440144478,1181712.01880427
449,2108568.5,214,0.08,7815113.13220676,3.70635961421541,1184789.33813937
450,2117841.25,269,0.1,7826462.27938247,3.69549052809434,1187868.60201224
451,2125188.5,225,0.08,7837842.06736527,3.68806911357052,1190958.21213844
452,2132724.0,237,0.09,7849252.3035,3.68038822815329,1194051.68991282
453,2140610.75,278,0.1,7860692.46693387,3.6721727511337,1197149.61832895
454,2148882.25,380,0.14,7872161.96536145,3.66337521069917,1200253.10889365
455,2153757.25,104,0.04,7883667.80985915,3.66042543088788,1203363.36837269
456,2159656.25,262,0.1,7895208.15574597,3.65577075321407,1206469.23073095
457,2165446.75,361,0.13,7906783.43131313,3.65134050574697,1209574.07444193
458,2171472.0,195,0.07,7918393.37348178,3.64655559614942,1212677.55715478
459,2180126.75,253,0.09,7930032.85953347,3.63741826457268,1215780.45179182
460,2186740.0,194,0.07,7941706.21900406,3.63175604736003,1218891.24630216
461,2198983.0,1444,0.54,7953402.19297352,3.61685478831511,1222003.30017258
466,2204472.75,218,0.08,7965134.70204082,3.6131699527884,1225134.64536433
467,2213059.5,233,0.09,7976897.63701431,3.60446596081773,1228263.52109799
468,2220684.25,181,0.07,7988693.15625,3.59740163701796,1231399.81402443
469,2228754.75,282,0.1,8000520.54517454,3.58968188185557,1234540.39953546
470,2238436.25,294,0.11,8012376.68569959,3.57945270306429,1237686.64747997
471,2241984.75,127,0.05,8024274.40103093,3.57909410446745,1240843.58628918
472,2249356.75,433,0.16,8036206.04907025,3.57266851915342,1243991.82894236
473,2253108.25,94,0.03,8048179.33643892,3.57203402741032,1247143.44311496
474,2259841.75,212,0.08,8060188.33558091,3.56670476398664,1250287.08313647
475,2267259.0,220,0.08,8072231.8477131,3.56034835354633,1253432.11325131
476,2277692.25,270,0.1,8084303.80520833,3.5493398220099,1256580.6439555
477,2282603.0,150,0.06,8096415.91544885,3.54701010883139,1259741.98019712
478,2289281.5,234,0.09,8108564.73221757,3.54196927386063,1262898.95865331
479,2299594.75,896,0.33,8120742.8663522,3.53137998177818,1266057.05878053
481,2300479.75,25,0.01,8132970.30987395,3.53533662266488,1269227.41979654
482,2305466.5,202,0.07,8145238.73894737,3.5330111016349,1272381.09664731
483,2314045.0,217,0.08,8157540.83544304,3.52522999139733,1275530.74726729
484,2319784.5,608,0.23,8169882.81501057,3.5218283487154,1278687.32554307
485,2320460.25,18,0.01,8182275.65942797,3.52614342754976,1281842.16546567
486,2326460.25,243,0.09,8194708.38853503,3.52239346816049,1284979.98445218
487,2336445.75,346,0.13,8207172.77712766,3.51267423056053,1288116.97320383
488,2342253.5,148,0.05,8219677.93550107,3.50930329936579,1291265.10766868
489,2349255.5,291,0.11,8232221.57318376,3.50418316491491,1294411.77950201
490,2357376.5,301,0.11,8244801.54122056,3.49744792196773,1297560.56672738
491,2363731.5,125,0.05,8257421.86319742,3.49338402572264,1300714.7808145
492,2369295.5,202,0.07,8270084.50053763,3.49052471527407,1303869.13309695
493,2378121.5,201,0.07,8282782.69665948,3.48290980787125,1307021.28211145
494,2385670.0,296,0.11,8295519.44114471,3.47722838495882,1310180.86977484
495,2393865.25,165,0.06,8308293.58441558,3.47066050790268,1313344.07309903
496,2399992.5,2418,0.9,8321109.85574837,3.46713994137414,1316512.75690226
502,2400241.5,37,0.01,8333981.30869565,3.4721428275845,1319680.82632652
503,2405733.0,236,0.09,8346896.88235294,3.46958572807246,1322831.14899029
504,2414872.25,230,0.09,8359848.90120087,3.46181828094669,1325979.11948742
505,2421673.25,265,0.1,8372842.72100656,3.45746178639359,1329135.33145992
506,2428854.75,163,0.06,8385877.78234649,3.45260571153812,1332292.95550194
507,2437179.75,303,0.11,8398951.84395604,3.44617660800605,1335453.07594718
508,2443431.75,129,0.05,8412069.72962555,3.44272752026962,1338618.95719446
509,2449436.75,257,0.1,8425232.27483444,3.43966108732321,1341784.60989591
510,2456659.75,268,0.1,8438437.08130531,3.43492300116258,1344949.3302962
511,2464733.5,209,0.08,8451682.54379157,3.42904518634229,1348116.59644921
512,2471491.25,230,0.09,8464971.85777778,3.42504625811553,1351288.80356157
513,2480293.0,216,0.08,8478300.76391982,3.41826581130529,1354462.1815968
514,2488742.5,218,0.08,8491670.31361607,3.41203250782918,1357642.49464314
515,2499442.25,1213,0.45,8505075.74552573,3.40278946053894,1360828.69184133
519,2503973.75,183,0.07,8518531.13116592,3.40200496557359,1364027.04453278
520,2513413.25,230,0.09,8532025.77808989,3.39459727845785,1367220.1725593
521,2522390.25,240,0.09,8545560.99324324,3.38788218565436,1370421.8292002
522,2530409.75,194,0.07,8559139.21275395,3.38251115763127,1373630.65488488
523,2539037.5,235,0.09,8572759.35237557,3.37638154315388,1376843.93014909
524,2547988.5,404,0.15,8586420.96428571,3.36988214989421,1380063.30291876
525,2551549.0,38,0.01,8600136.58238636,3.37055513430718,1383289.61561788
526,2557531.25,241,0.09,8613901.05922551,3.36805310168762,1386507.9610294
527,2564956.25,207,0.08,8627711.43550228,3.36368756211818,1389725.05797712
528,2573321.5,223,0.08,8641565.87471396,3.35813689611421,1392944.86946211
529,2581803.0,246,0.09,8655464.41341743,3.35248832440641,1396169.94222314
530,2590909.25,237,0.09,8669405.91954023,3.3460862897997,1399400.55001
531,2599909.75,1325,0.49,8683390.93375576,3.33988167618348,1402638.34539041
534,2600008.25,4,0.0,8697440.31639723,3.34515873801448,1405882.98334328
535,2603295.5,221,0.08,8711547.13310185,3.34635354807084,1409110.34892884
536,2612578.5,198,0.07,8725697.87238979,3.33987969065419,1412329.1768293
537,2621297.75,253,0.09,8739894.15174419,3.33418595874665,1415555.65350449
538,2628767.75,152,0.06,8754139.2016317,3.33013032499037,1418788.20604201
539,2638084.5,319,0.12,8768429.04906542,3.32378627336062,1422023.44546436
540,2641567.5,114,0.04,8782777.67096019,3.32483560270945,1425266.27494312
541,2648770.75,327,0.12,8797176.74823944,3.32122995100253,1428501.11862678
542,2653615.5,97,0.04,8811632.18647059,3.32061377636307,1431737.90809992
543,2660898.5,266,0.1,8826138.63384434,3.31697681585537,1434970.38850178
544,2669872.0,245,0.09,8840692.45567376,3.31127951290315,1438205.02731839
545,2679494.25,222,0.08,8855292.4514218,3.30483726599592,1441446.25619387
546,2685087.75,195,0.07,8869948.5195962,3.30341104107164,1444695.72599389
547,2691815.5,200,0.07,8884658.36011905,3.30061936270114,1447942.82553317
548,2699544.25,826,0.31,8899419.96897375,3.29663793026314,1451190.53486598
550,2700271.75,2,0.0,8914250.46710526,3.30124198318383,1454441.45599914
551,2705319.0,255,0.09,8929139.99100719,3.30058672970071,1457677.3788407
552,2712784.25,240,0.09,8944083.15384615,3.29701234215222,1460909.61101987
553,2720148.0,202,0.07,8959080.58795181,3.29360041731252,1464144.42920845
554,2726898.5,203,0.08,8974134.1678744,3.29096743713578,1467381.55181359
555,2733193.75,158,0.06,8989245.40375303,3.28891627377423,1470619.38458527
556,2739371.5,235,0.09,9004415.0006068,3.28703682600436,1473856.754753
557,2747991.75,336,0.12,9019637.44160584,3.28226510927693,1477093.36535466
558,2754155.25,156,0.06,9034919.1054878,3.28046834160413,1480335.45307059
559,2760098.25,185,0.07,9050260.96577017,3.27896333609507,1483576.7248185
560,2766226.5,266,0.1,9065663.01102941,3.27726706798211,1486816.62716668
561,2771791.25,177,0.07,9081127.06941032,3.27626659093116,1490055.63950296
562,2780135.5,292,0.11,9096646.75307882,3.27201560969917,1493292.34559008
563,2786645.0,205,0.08,9112227.00432099,3.26996334456703,1496533.76411504
564,2793405.75,221,0.08,9127867.6509901,3.26764833608225,1499775.24963234
565,2799914.25,1152,0.43,9143569.76861042,3.26566064250376,1503017.43133752
568,2800657.0,44,0.02,9159348.15858209,3.27042838826107,1506259.67338418
569,2807257.0,240,0.09,9175188.78491272,3.26838219119686,1509487.59689195
570,2815558.75,251,0.09,9191087.86,3.26439214241223,1512715.87898923
571,2822062.0,241,0.09,9207050.33082707,3.26252588739265,1515948.73971134
572,2829308.25,153,0.06,9223074.80841709,3.25983385105426,1519181.69332592
573,2835343.0,221,0.08,9239164.81297229,3.25857041386961,1522416.57371277
574,2841553.75,226,0.08,9255320.39646465,3.25713367078298,1525650.38264451
575,2849209.5,265,0.1,9271538.39873418,3.25407394532911,1528883.56045128
576,2855298.0,189,0.07,9287823.27284264,3.25283850331652,1532119.65344037
577,2862988.0,239,0.09,9304171.45419847,3.2498115445117,1535354.80832193
578,2871117.0,196,0.07,9320582.30739796,3.24632618851756,1538592.93805773
579,2880016.5,242,0.09,9337054.342711,3.24201418384617,1541835.08906003
580,2886586.5,205,0.08,9353594.00384615,3.24036504842178,1545083.10219338
581,2898313.0,674,0.25,9370188.55655527,3.23298020488307,1548331.29443988
583,2902286.25,82,0.03,9386858.40786082,3.23429792904157,1551592.11981563
584,2908873.75,204,0.08,9403597.38630491,3.23272791963038,1554846.80446668
585,2917371.25,314,0.12,9420401.08095855,3.22907174771073,1558101.6769319
586,2923758.25,149,0.06,9437275.47792208,3.2277892599096,1561361.31619585
587,2930994.5,246,0.09,9454218.91796875,3.22560104359416,1564620.639004
588,2939068.0,196,0.07,9471229.75587467,3.22252828307296,1567881.67447177
589,2945694.75,173,0.06,9488312.30824607,3.22107791659203,1571146.40381826
590,2951169.5,234,0.09,9505470.16338583,3.22091637345325,1574411.3642605
591,2959816.25,219,0.08,9522695.56842105,3.21732660546784,1577673.8242978
592,2967447.75,195,0.07,9539991.73680739,3.21488111688146,1580941.30048149
593,2977447.75,229,0.08,9557352.96428571,3.20991458684228,1584211.36286243
594,2985118.0,203,0.08,9574785.94827586,3.20750668760024,1587489.56612628
595,2993491.25,194,0.07,9592289.39162234,3.2043819709252,1590770.38404618
596,2999997.5,2561,0.95,9609868.83666667,3.20329228163246,1594055.44462218
603,3000377.75,14,0.01,9627541.27272727,3.20877638581584,1597340.35596652
604,3006237.75,208,0.08,9645292.75670241,3.20842646484045,1600610.8394025
605,3016327.5,234,0.09,9663112.55577957,3.20360191516988,1603879.73919458
606,3025682.75,246,0.09,9681003.20215634,3.19960947728454,1607156.88017093
607,3035825.25,333,0.12,9698963.14256757,3.19483578396601,1610440.50486961
608,3044394.5,165,0.06,9716997.20392954,3.1917667713332,1613732.38649809
609,3051016.75,232,0.09,9735111.28125,3.19077608513621,1617028.84298081
610,3060150.25,223,0.08,9753299.1859673,3.18719617965402,1620325.36690499
611,3068624.25,207,0.08,9771563.32513661,3.18434664170324,1623627.71755429
612,3078328.5,197,0.07,9789900.95479452,3.18026518443191,1626934.34577499
613,3086097.0,216,0.08,9808317.99862637,3.17822738514906,1630248.03105861
614,3098470.0,583,0.22,9826802.42837466,3.17150155669561,1633564.3157259
616,3103412.0,115,0.04,9845375.3301105,3.17243579972962,1636893.64682653
617,3112840.75,198,0.07,9864025.01038781,3.16881774642272,1640219.0852691
618,3121767.5,287,0.11,9882753.50347222,3.16575577888879,1643550.80849247
619,3130245.5,164,0.06,9901562.71796657,3.16319046476277,1646887.64075321
620,3138054.5,181,0.07,9920455.19902235,3.16133935819864,1650228.53683259
621,3147770.75,367,0.14,9939426.30392157,3.15760806403121,1653571.96596331
622,3153024.25,92,0.03,9958489.23103933,3.15839284491368,1656922.18745218
623,3159303.75,195,0.07,9977641.86619718,3.15817745166073,1660269.17193215
624,3165612.0,169,0.06,9996884.88841808,3.15796278521123,1663615.23125819
625,3174900.5,231,0.09,10016210.6232295,3.15481087461779,1666960.43564292
626,3184332.25,189,0.07,10035619.368608,3.15156164015484,1670311.41356371
627,3199062.5,988,0.37,10055096.738604,3.14313857219232,1673668.44424317
630,3205239.0,194,0.07,10074667.7607143,3.14318768763087,1677043.20985325
631,3216460.25,191,0.07,10094318.7851003,3.13833158208633,1680416.71049376
632,3227935.75,274,0.1,10114049.7708333,3.13328720090954,1683800.06630765
633,3238014.75,196,0.07,10133865.4337176,3.12965388243447,1687193.77110697
634,3242893.0,122,0.05,10153781.5390173,3.13108743921472,1690594.6943063
635,3249637.75,346,0.13,10173793.55,3.13074697325879,1693991.40832313
636,3256869.75,196,0.07,10193900.8866279,3.12996885633142,1697388.01605605
637,3265835.75,245,0.09,10214099.3272595,3.12756063352527,1700785.57974656
638,3278217.75,228,0.08,10234379.6827485,3.12193407004417,1704187.86272537
639,3289342.25,216,0.08,10254746.361437,3.11756745940224,1707602.24425959
640,3299817.5,526,0.2,10275202.0345588,3.11386979266545,1711025.9239257
641,3300477.0,19,0.01,10295776.4446903,3.11948134911719,1714457.43920879
642,3307934.0,198,0.07,10316450.5347633,3.11869902324633,1717875.58481395
643,3319390.75,198,0.07,10337213.3234421,3.11418995291294,1721295.06527671
644,3329853.5,254,0.09,10358068.5610119,3.11066795011009,1724724.45515809
645,3339609.25,225,0.08,10379019.1858209,3.10785436524375,1728161.56232049
646,3349997.5,233,0.09,10400064.1609281,3.10449908124652,1731604.82661041
647,3359581.0,217,0.08,10421206.753003,3.10193644773054,1735055.55725729
648,3370505.25,306,0.11,10442443.8057229,3.09818351587581,1738511.99436951
649,3380452.0,209,0.08,10463779.1283988,3.09537870332097,1741976.94820312
650,3389399.75,197,0.07,10485216.6416667,3.09353201600569,1745448.29365185
651,3399732.0,742,0.28,10506753.0691489,3.09046509229226,1748923.87812615
653,3402679.25,74,0.03,10528411.8307927,3.09415347649729,1752406.59568285
654,3411999.0,183,0.07,10550174.5611621,3.09208020317769,1755880.85390247
655,3420883.25,206,0.08,10572043.5529141,3.09044266649969,1759360.09370519
656,3431846.0,226,0.08,10594013.3915385,3.08697225677914,1762843.37076241
657,3442391.75,188,0.07,10616086.2978395,3.08392741698835,1766335.00806207
658,3451263.0,223,0.08,10638268.4133127,3.08242762528173,1769834.0826799
659,3460892.25,203,0.08,10660558.4013975,3.08029191067636,1773337.05959098
660,3471416.25,235,0.09,10682954.482866,3.07740521836471,1776845.49034027
661,3481972.5,211,0.08,10705457.5515625,3.0745382255496,1780361.19731052
662,3497967.25,893,0.33,10728051.565047,3.06693882426916,1783884.20207799
665,3506601.5,176,0.07,10750760.5275157,3.06586320901184,1787425.69597866
666,3518316.75,191,0.07,10773575.807571,3.06213924814216,1790970.38835808
667,3527687.0,191,0.07,10796505.835443,3.06050560478949,1794524.59897875
668,3539700.25,194,0.07,10819543.3134921,3.05662698797506,1798083.45401164
669,3550483.25,217,0.08,10842693.1863057,3.05386405816891,1801652.34088867
670,3561369.25,204,0.08,10865956.2020767,3.05106138659356,1805228.6822161
671,3571113.5,193,0.07,10889337.1081731,3.04928339806984,1808812.64255851
672,3581222.5,157,0.06,10912835.8689711,3.04723760363146,1812401.85000748
673,3591671.0,165,0.06,10936452.5298387,3.044948306746,1815997.01393023
674,3599963.25,1064,0.39,10960195.2135922,3.04452975001682,1819598.78672144
677,3605230.5,164,0.06,10984074.9691558,3.04670532692871,1823202.76336776
678,3616694.0,218,0.08,11008072.9527687,3.04368380426122,1826802.81940136
679,3628650.25,240,0.09,11032188.7132353,3.04030092545714,1830411.47097514
680,3639699.0,218,0.08,11056426.3844262,3.03773097292557,1834029.65765326
681,3649834.25,220,0.08,11080790.1743421,3.0359707908221,1837655.49970617
682,3659628.25,192,0.07,11105282.4579208,3.03453840097578,1841287.12044824
683,3673639.5,236,0.09,11129890.5471854,3.02966323918975,1844923.80270734
684,3686887.75,190,0.07,11154618.1312292,3.0254835209532,1848573.93383966
685,3698974.0,428,0.16,11179470.2783333,3.02231653381001,1852235.91355313
686,3703508.75,114,0.04,11204473.4941472,3.02536709117999,1855907.3610411
687,3714026.75,166,0.06,11229609.2214765,3.02356713544847,1859573.23681284
688,3724842.5,223,0.08,11254877.7962963,3.02157146142321,1863245.42198747
689,3737339.75,225,0.08,11280274.8842905,3.0182631601236,1866924.46759619
690,3747586.75,243,0.09,11305809.420339,3.01682393885585,1870613.64961276
691,3757068.75,144,0.05,11331485.4090136,3.01604419908835,1874308.47855053
692,3767822.25,226,0.08,11357299.9590444,3.01428761907342,1878007.4181801
693,3781808.0,183,0.07,11383243.4246575,3.01000035555944,1881712.93745818
694,3797329.5,751,0.28,11409311.8573883,3.00456198425454,1885431.32309916
696,3802301.0,65,0.02,11435542.9293103,3.00753226251955,1889165.49922592
697,3814496.5,223,0.08,11461913.3321799,3.00482995126091,1892894.80819429
698,3826784.25,136,0.05,11488424.1970486,3.00210919835593,1896633.33288652
699,3836263.75,188,0.07,11515086.7770035,3.00164105687558,1900381.19874499
700,3847579.0,245,0.09,11541896.2447552,2.99978148460506,1904132.90911564
701,3861844.25,242,0.09,11568843.795614,2.99567850143465,1907891.99246358
702,3877185.5,188,0.07,11595927.0994718,2.99081049887137,1911664.10106886
703,3890007.25,173,0.06,11623156.4982332,2.9879523998916,1915451.23285871
704,3899996.0,346,0.13,11650543.5921986,2.98732193371444,1919248.4559686
705,3907833.0,156,0.06,11678097.7224199,2.98838198111842,1923050.27467115
706,3919889.0,191,0.07,11705805.6107143,2.98625946059041,1926852.54042849
707,3932729.25,197,0.07,11733666.0994624,2.98359367084891,1930663.31759784
708,3945243.25,229,0.08,11761682.0089928,2.98123113422545,1934484.05411006
709,3956629.5,160,0.06,11789859.0938628,2.97977333835852,1938314.07162604
710,3968716.75,183,0.07,11818196.5661232,2.97783825618777,1942151.1732009
711,3983439.25,210,0.08,11846686.5927273,2.9739845016407,1945996.64867869
712,3999483.75,1790,0.66,11875326.0191606,2.96921471906483,1949855.44148423
717,4004361.5,58,0.02,11904157.3910256,2.97279788326445,1953729.97514872
718,4014197.5,218,0.08,11933164.5965074,2.97273978086712,1957599.09123334
719,4026874.75,193,0.07,11962339.097786,2.97062606622815,1961472.15791652
720,4040290.75,198,0.07,11991680.0175926,2.96802402589284,1965354.49361592
721,4053554.5,239,0.09,12021189.777881,2.96559224203869,1969247.43218325
722,4066730.0,175,0.06,12050870.5979478,2.96328268607647,1973150.62893946
723,4081237.25,271,0.1,12080719.411985,2.96006300834018,1977063.86140873
724,4097685.25,377,0.14,12110730.818609,2.95550538407239,1980989.55802924
725,4105211.5,112,0.04,12140940.3254717,2.95744575534578,1984931.26322844
726,4117844.75,247,0.09,12171330.8390152,2.95575272453269,1988872.30456073
727,4134221.0,211,0.08,12201890.1920152,2.95143636298476,1992822.16067471
728,4146993.75,188,0.07,12232634.0715649,2.94975946649664,1996787.71408087
729,4159073.25,211,0.08,12263567.2547893,2.94862978303863,2000762.21691991
730,4171624.25,199,0.07,12294690.1125,2.94721896692877,2004744.34059718
731,4184985.75,194,0.07,12326001.7123552,2.94529120256986,2008734.91133273
732,4198743.0,566,0.21,12357502.7151163,2.94314339199048,2012735.37243322
734,4205526.5,138,0.05,12389222.4669261,2.94593850898956,2016746.39560307
735,4217273.0,162,0.06,12421144.1445313,2.94530236589646,2020755.15037302
736,4231639.5,271,0.1,12453259.8490196,2.94289242952279,2024770.72231018
737,4246211.0,210,0.08,12485571.0649606,2.94040288270193,2028797.85511619
738,4258312.5,182,0.07,12518089.8735178,2.93968323684976,2032836.85902308
739,4273614.5,228,0.08,12550806.0456349,2.93681286546433,2036883.17837031
740,4287345.5,157,0.06,12583728.1992032,2.93508610379154,2040942.58185784
741,4298946.5,332,0.12,12616867.326,2.93487423628091,2045012.15236172
742,4304350.0,99,0.04,12650250.9297189,2.93894570137625,2049087.98300845
743,4315467.0,187,0.07,12683858.9294355,2.93916253546499,2053158.85307522
744,4329440.0,287,0.11,12717682.4878543,2.93748902579878,2057235.08397058
745,4339756.5,101,0.04,12751739.097561,2.93835359139642,2061321.78345984
746,4350315.5,203,0.08,12786030.622449,2.93910421495843,2065412.33052724
747,4362861.0,152,0.06,12820551.8094262,2.9385652693098,2069507.13907468
748,4373768.5,154,0.06,12855312.2345679,2.939184420613,2073609.73989923
749,4389386.5,192,0.07,12890295.3987603,2.93669636947221,2077717.16625656
750,4399843.5,452,0.17,12925525.4896266,2.93772391895906,2081837.78895485
751,4402527.0,44,0.02,12961037.9833333,2.94399965822659,2085962.35427699
752,4415111.5,211,0.08,12996794.9979079,2.94370708370739,2090077.03393192
753,4432030.0,208,0.08,13032781.4054622,2.94058961817997,2094199.4354675
754,4448050.0,164,0.06,13069003.9008439,2.9381423097411,2098337.18867906
755,4463695.0,217,0.08,13105467.0741525,2.93601311786593,2102488.62474147
756,4481271.0,199,0.07,13142165.7808511,2.93268712846223,2106653.00988302
757,4499174.5,627,0.23,13179101.6410256,2.92922660390826,2110833.67535858
759,4506390.0,103,0.04,13216323.5793991,2.93279622478284,2115031.11090276
760,4524553.5,225,0.08,13253788.1056034,2.92930299213026,2119226.47737486
761,4543801.5,240,0.09,13291493.6753247,2.92519241329637,2123438.95902569
762,4557646.0,141,0.05,13329466.926087,2.92463849234604,2127670.36206935
763,4575315.5,234,0.09,13367694.6615721,2.92169898700364,2131911.15724899
764,4597083.0,494,0.18,13406162.2565789,2.91623237095762,2136167.95923985
766,4614311.5,218,0.08,13444892.876652,2.91373759154578,2140447.81148465
767,4633349.5,190,0.07,13483882.0066372,2.91018020691881,2144742.71372165
768,4648097.0,183,0.07,13523152.1622222,2.90939542832738,2149055.72374986
769,4661583.0,264,0.1,13562712.7388393,2.90946503341017,2153379.32457383
770,4677455.5,157,0.06,13602556.941704,2.90811039072505,2157711.28256247
771,4696081.5,325,0.12,13642676.2004505,2.90511912973624,2162055.66914426
772,4705209.0,74,0.03,13683117.2285068,2.90807852074303,2166417.1593867
773,4717435.0,188,0.07,13723870.3295455,2.90918058850741,2170779.34467985
774,4736129.0,162,0.06,13764910.2442922,2.90636303282538,2175147.53619841
775,4751680.5,217,0.08,13806255.3348624,2.9055521167432,2179532.77843094
776,4768594.5,183,0.07,13847903.5414747,2.90398010178359,2183929.61214303
777,4795817.0,587,0.22,13889811.349537,2.89623464563745,2188340.30307794
779,4803572.0,46,0.02,13932072.927907,2.90035684442889,2192782.3417439
780,4814172.5,151,0.06,13974679.9392523,2.90282077330057,2197222.46021032
781,4831837.0,234,0.09,14017604.084507,2.90109208661365,2201665.49932712
782,4847601.0,151,0.06,14060858.8160377,2.90058088857514,2206123.41712487
783,4863522.5,182,0.07,14104448.0876777,2.90004787428818,2210592.92234124
784,4882872.5,208,0.08,14148360.352381,2.89754859509048,2215074.2223035
785,4898958.0,254,0.09,14192615.8660287,2.8970682879969,2219573.03896066
786,4916974.0,201,0.07,14237210.2980769,2.89552279472638,2224083.78805332
787,4935360.0,172,0.06,14282146.7729469,2.89384093013415,2228609.65395575
788,4952690.5,186,0.07,14327435.3956311,2.89285902190558,2233151.181382
789,4975496.0,195,0.07,14373054.6121951,2.88876819762193,2237706.52362424
790,4998350.5,1042,0.39,14419009.0441176,2.88475348899955,2242284.76689577
793,5004907.5,54,0.02,14465383.9285714,2.89024001513943,2246885.87830329
794,5021683.5,214,0.08,14512134.9207921,2.88989437920412,2251482.58100612
795,5046653.5,223,0.08,14559226.8681592,2.88492698540908,2256091.90033889
796,5068212.5,236,0.09,14606681.94,2.88201845127843,2260727.38472371
797,5094834.0,328,0.12,14654480.1708543,2.8763410487671,2265383.24726977
798,5104031.0,56,0.02,14702714.7626263,2.88060843725798,2270067.76838356
799,5120269.0,195,0.07,14751356.6192893,2.8809729760857,2274752.00513003
800,5143434.5,203,0.08,14800376.630102,2.87752796892855,2279447.57772883
801,5162822.0,208,0.08,14849799.9871795,2.87629517097035,2284165.84283966
802,5193072.0,514,0.19,14899576.935567,2.86912581523364,2288900.47467709
803,5200281.0,2,0.0,14949832.3549223,2.87481241012212,2293669.22923427
804,5209401.5,163,0.06,15000563.765625,2.87951768847631,2298434.1665634
805,5232693.5,214,0.08,15051704.447644,2.87647354993064,2303198.4338849
806,5252478.5,241,0.09,15103279.3210526,2.87545761892269,2307985.19052887
807,5279253.0,236,0.09,15155258.2962963,2.87072021293473,2312788.60538935
808,5299903.0,234,0.09,15207680.3989362,2.86942617608967,2317619.98062487
809,5317169.0,160,0.06,15260570.8342246,2.87005563190198,2322469.22130678
810,5336739.0,189,0.07,15313924.7688172,2.86952852084713,2327330.74692154
811,5356996.0,210,0.08,15367746.0054054,2.86872456231168,2332208.23193464
812,5377302.5,191,0.07,15422041.8940217,2.86798853031269,2337102.71052374
813,5398086.0,342,0.13,15476817.6092896,2.86709356043783,2342014.18029672
814,5405953.0,70,0.03,15532152.0302198,2.87315706041465,2346943.32839302
815,5420193.5,224,0.08,15588019.2044199,2.87591563002684,2351869.26989319
816,5442002.0,197,0.07,15644385.9666667,2.87474829422456,2356802.2670477
817,5462331.5,174,0.06,15701268.952514,2.87446284659105,2361754.43355324
818,5492907.0,427,0.16,15758619.3005618,2.86890335127862,2366723.30705717
819,5505293.5,53,0.02,15816547.6949153,2.87297084068547,2371725.20096587
820,5519890.0,160,0.06,15875051.4318182,2.87597242550453,2376730.90112408
821,5547561.0,232,0.09,15934065.6628571,2.87226506618983,2381743.91404094
822,5579171.5,199,0.07,15993576.5488506,2.86665798835017,2386785.02405043
823,5598782.0,333,0.12,16053662.066474,2.8673490174245,2391860.36026021
824,5612714.5,131,0.05,16114365.25,2.87104666556619,2396950.71206932
825,5630744.5,222,0.08,16175672.9736842,2.87274142410195,2402047.00967301
826,5657061.5,207,0.08,16237547.1588235,2.87031476656627,2407155.70823366
827,5684189.0,165,0.06,16299993.0650888,2.86760223227777,2412289.84060612
828,5702163.0,211,0.08,16363075.3869048,2.86962603259583,2417450.56483229
829,5723821.5,184,0.07,16426783.494012,2.86989793340201,2422623.34032074
830,5748668.0,188,0.07,16491109.4909639,2.86868357869403,2427813.90346489
831,5774957.5,175,0.06,16556055.8666667,2.8668705989034,2433027.175202
832,5797186.5,238,0.09,16621658.7286585,2.86719406537267,2438265.31050732
833,5820674.0,273,0.1,16687922.4386503,2.86700860392633,2443521.83819041
834,5849698.5,184,0.07,16754825.0555556,2.86422027657589,2448798.63844324
835,5875090.5,178,0.07,16822401.0465838,2.86334330451316,2454104.2544519
836,5901102.0,218,0.08,16890659.165625,2.86228897003051,2459432.89346366
837,5928227.0,203,0.08,16959605.2798742,2.86082251571578,2464785.41151426
838,5960634.5,197,0.07,17029219.0189873,2.85694736340357,2470163.42640322
839,5997552.5,1063,0.39,17099484.410828,2.85107707032627,2475575.00946306
842,6009654.5,93,0.03,17170573.0641026,2.85716476115267,2481026.98700259
843,6034746.0,207,0.08,17242417.1096774,2.8571901965182,2486480.81623442
844,6061491.0,184,0.07,17315020.525974,2.85656128598954,2491956.5341106
845,6090759.0,235,0.09,17388381.7124183,2.85487928719857,2497456.58721675
846,6113767.0,151,0.06,17462556.8092105,2.85626796199635,2502984.74477488
847,6141987.5,190,0.07,17537527.4668874,2.85535056313407,2508531.26129596
848,6174035.0,212,0.08,17613284.0833333,2.852799519817,2514104.04693815
849,6198221.0,228,0.08,17689895.2449664,2.85402783233551,2519708.84165953
850,6223039.5,190,0.07,17767374.0,2.85509580969235,2525333.47798726
851,6253991.0,192,0.07,17845696.3333333,2.85348928921281,2530978.83069263
852,6289722.0,246,0.09,17924846.8424658,2.84986313265765,2536654.15412145
853,6310805.0,122,0.05,18004943.6827586,2.85303438828464,2542366.58615475
854,6343254.0,215,0.08,18085927.6388889,2.85120659505183,2548093.69620619
855,6388184.0,334,0.12,18167730.041958,2.84395847739483,2553852.66480071
856,6410331.0,97,0.04,18250528.6267606,2.84704933750856,2559662.25773284
857,6437313.5,203,0.08,18334310.2943262,2.84813071389583,2565487.77776652
858,6464443.0,147,0.05,18419095.0607143,2.84929344426338,2571336.45710524
859,6496158.5,323,0.12,18504871.5827338,2.84858683524021,2577208.41267522
860,6520617.0,132,0.05,18591714.0072464,2.85122006203498,2583110.44593926
861,6554997.5,214,0.08,18679573.2518248,2.84966901235657,2589031.50842657
862,6593966.5,278,0.1,18768438.0073529,2.84630472528985,2594986.41231782
863,6611990.0,117,0.04,18858485.7703704,2.85216489594969,2600981.88471315
864,6646326.0,188,0.07,18949621.2910448,2.85114231397087,2606986.38787975
865,6677773.5,159,0.06,19041890.8233083,2.85153289839919,2613024.26472896
866,6708481.5,219,0.08,19135325.7424242,2.85240791711571,2619091.05463234
867,6743908.0,200,0.07,19229916.7175573,2.85145003721244,2625185.52623498
868,6788965.5,325,0.12,19325616.3423077,2.84662167487929,2631314.57753522
869,6811185.5,89,0.03,19422627.4341085,2.85157810400385,2637492.36493859
870,6844326.0,209,0.08,19520895.4140625,2.85212823206587,2643684.78798764
871,6890772.0,199,0.07,19620345.2047244,2.84733629333904,2649907.96015359
872,6928155.0,178,0.07,19721076.8730159,2.8465120761611,2656181.42766815
873,6975450.0,174,0.06,19823041.888,2.84182983004681,2662491.58065535
874,6999964.5,535,0.2,19926453.8024194,2.84665069407414,2668852.8762591
875,7020599.5,105,0.04,20031379.4471545,2.85322919319845,2675231.53844429
876,7055317.0,189,0.07,20137740.6147541,2.85426446674956,2681621.78544657
877,7094299.0,191,0.07,20245537.6528926,2.85377563771876,2688044.24537984
878,7131649.0,191,0.07,20354820.0583333,2.85415337439256,2694505.02947752
879,7181183.0,348,0.13,20465522.8907563,2.84988182180517,2701001.57994681
880,7212582.5,88,0.03,20577835.9449153,2.85304687258901,2707551.55278314
881,7251018.5,194,0.07,20691740.3675214,2.85363226800778,2714128.24029733
882,7294913.0,217,0.08,20807230.2586207,2.85229313339593,2720741.78294996
883,7333241.5,203,0.08,20924395.3782609,2.85336237436894,2727399.96521641
884,7377485.5,161,0.06,21043227.9210526,2.85235774723686,2734094.50233092
885,7409028.5,209,0.08,21163884.5530973,2.85649927694263,2740833.82163087
886,7457531.0,186,0.07,21286262.7098214,2.85433110634356,2747599.32116474
887,7500148.0,217,0.08,21410461.9414414,2.85467192666617,2754415.43068549
888,7534618.5,164,0.06,21536605.9727273,2.85835387322228,2761273.42572785
889,7587271.0,315,0.12,21664581.5229358,2.85538522651106,2768161.36955797
890,7613188.5,68,0.03,21794687.0138889,2.86275415535671,2775105.33156149
891,7650931.0,174,0.06,21926871.6495327,2.86590895271866,2782066.60230744
892,7699935.0,225,0.08,22061088.0330189,2.86510055383829,2789062.09713171
893,7755404.5,184,0.07,22197332.6380952,2.86217600101906,2796107.82583023
894,7810755.5,239,0.09,22335665.1105769,2.85960367221544,2803212.83539208
895,7857580.0,170,0.06,22476229.0436893,2.86045182405898,2810376.70186505
896,7923931.5,194,0.07,22618898.627451,2.85450456347975,2817586.99229096
897,7993538.5,692,0.26,22763704.1732673,2.8477631243369,2824871.36391394
899,8021157.5,92,0.03,22911129.64,2.85633708601284,2832234.13761207
900,8073819.0,241,0.09,23061001.4646465,2.85626931501022,2839615.25192556
901,8124063.0,126,0.05,23213419.2040816,2.857365729941,2847050.20043135
902,8173001.0,182,0.07,23368475.0618557,2.85922821517527,2854535.32496975
903,8223401.5,233,0.09,23526236.2447917,2.86088867785328,2862068.56246979
904,8287171.0,171,0.06,23686647.4578947,2.85823080734001,2869651.77737436
905,8344719.5,176,0.07,23849859.4574468,2.85807802856007,2877303.64068315
906,8401923.0,240,0.09,24015966.3010753,2.8583892403055,2885015.08759333
907,8474311.0,308,0.11,24184897.3369565,2.85390721876463,2892785.38042771
908,8521055.0,104,0.04,24357027.4725275,2.85845208985595,2900635.62743132
909,8574870.0,218,0.08,24532384.7777778,2.86096288081076,2908529.47486471
910,8629848.0,124,0.05,24711064.9662921,2.86344150746249,2916476.65652689
911,8682015.0,214,0.08,24893213.2613636,2.86721610839922,2924478.57717601
912,8767301.0,258,0.1,25078568.5747126,2.86046624550847,2932531.07566947
913,8830844.0,126,0.05,25267495.6046512,2.8612775409294,2940680.19567552
914,8893297.0,190,0.07,25460133.2352941,2.86284526821651,2948895.20795491
915,8984738.0,446,0.17,25656268.8928571,2.85553890306619,2957174.31908589
916,9024926.0,97,0.04,25856646.5180723,2.86502587589885,2965557.57872555
917,9079692.0,161,0.06,26061243.5243902,2.8702783667541,2973973.36819954
918,9155408.0,262,0.1,26269957.5432099,2.86933772292943,2982441.77129497
919,9245699.0,169,0.06,26482760.775,2.86433300229653,2990991.58601617
920,9311913.0,204,0.08,26700113.278481,2.86730699465094,2999642.63361504
921,9388476.0,213,0.08,26922057.3461538,2.86756416548904,3008361.23909347
922,9473757.0,225,0.08,27148658.6493507,2.8656697284246,3017161.39738437
923,9560281.0,229,0.08,27380084.6710526,2.86394141250164,3026054.77975712
924,9642363.0,147,0.05,27616587.6266667,2.86408918920255,3035042.71128428
925,9716646.0,167,0.06,27858478.7297297,2.86708795707179,3044118.70069186
926,9794927.0,191,0.07,28105924.6438356,2.86943686704716,3053271.68738501
927,9887502.0,196,0.07,28358958.2916667,2.86816207892212,3062506.83164886
928,9986232.0,535,0.2,28617729.084507,2.86571842958456,3071843.35034702
930,10056000.0,168,0.06,28882896.6428571,2.87220531452438,3081289.23648043
931,10160038.0,231,0.09,29154242.4202899,2.86950131685431,3090804.5308372
932,10253660.0,155,0.06,29432192.1617647,2.87040843579412,3100435.63910582
933,10334063.0,183,0.07,29717238.8656716,2.87565876709593,3110167.91714785
934,10455461.0,289,0.11,30009083.9848485,2.87018276715379,3119982.99198868
935,10541406.0,108,0.04,30308586.7230769,2.87519394690584,3129936.15075125
936,10624533.0,185,0.07,30616150.0625,2.88164666272861,3139978.7928234
937,10744961.0,235,0.09,30931565.7619048,2.87870433051407,3150106.74168291
938,10855613.0,173,0.06,31255371.4516129,2.87918991323778,3160370.0582482
939,10971226.0,286,0.11,31587898.4262295,2.87915848477003,3170755.00148943
940,11055225.0,141,0.05,31930109.65,2.88823697844232,3181267.76563837
941,11174687.0,183,0.07,32281896.4745763,2.88884122432926,3191865.28546927
942,11297018.0,215,0.08,32643704.7241379,2.88958597075245,3202594.88454795
943,11430647.0,172,0.06,33015863.6315789,2.88836350484613,3213459.88201835
944,11561927.0,262,0.1,33398969.6428571,2.88870269141616,3224474.87815505
945,11708329.0,180,0.07,33793344.9272727,2.88626540365177,3235636.12597546
946,11868438.0,215,0.08,34199361.7222222,2.88153855816766,3246963.25548619
947,11995773.0,301,0.11,34618297.3584906,2.88587466255743,3258473.90267513
948,12092972.0,191,0.07,35051476.6923077,2.8984997808899,3270123.63480489
949,12241858.0,198,0.07,35498724.1176471,2.89978237924726,3281871.76844697
950,12414566.0,187,0.07,35960407.28,2.89663023902728,3293786.64375488
951,12539478.0,195,0.07,36438385.4285714,2.9058933257486,3305899.2325414
952,12719100.0,201,0.07,36932537.2083333,2.90370680380949,3318145.35822768
953,12933162.0,314,0.12,37443162.212766,2.89512821479898,3330596.9537797
954,13087981.0,156,0.06,37972622.673913,2.90133540642465,3343298.75939639
955,13244984.0,154,0.06,38522125.7555556,2.90843127900763,3356171.52325452
956,13410235.0,214,0.08,39092850.5454545,2.91515029717634,3369217.45000484
957,13620765.0,161,0.06,39685224.627907,2.91358265324356,3382446.72213922
958,13800412.0,187,0.07,40301529.6904762,2.92031351603678,3395918.19355746
959,13983654.0,234,0.09,40943429.097561,2.92794923970237,3409590.32733728
960,14134311.0,165,0.06,41613657.05,2.94415886632182,3423467.05131715
961,14383558.0,227,0.08,42311864.7179487,2.94168276847416,3437504.8546575
962,14643912.0,192,0.07,43039968.7368421,2.93910320799812,3451832.14935035
963,14923232.0,238,0.09,43799880.5405405,2.93501304144709,3466462.31908977
964,15141328.0,170,0.06,44595951.4444444,2.94531308247496,3481418.93747216
965,15400970.0,182,0.07,45430093.7714286,2.94982028868497,3496620.90495915
966,15702467.0,172,0.06,46304435.7352941,2.94886375085483,3512121.35950999
967,15965334.0,216,0.08,47223802.4545455,2.95789630549198,3527973.56450412
968,16242360.0,211,0.08,48191972.53125,2.96705482031244,3544125.98065412
969,16620481.0,212,0.08,49210407.7419355,2.96082933712541,3560595.80428492
970,16947128.0,167,0.06,50285850.4,2.96721960204703,3577512.7540203
971,17246246.0,174,0.06,51425147.1034483,2.98181686051842,3594808.50466193
972,17676212.0,195,0.07,52630466.2142857,2.97747425830182,3612446.02080578
973,18079260.0,237,0.09,53910140.5185185,2.98187760552802,3630592.81561764
974,18568656.0,195,0.07,55269428.3846154,2.97649051092418,3649212.23209236
975,19054230.0,157,0.06,56718036.32,2.97666378121813,3668413.575423
976,19504808.0,171,0.06,58268587.5,2.9873961076674,3688189.68907927
977,19995786.0,202,0.07,59932622.3478261,2.99726264062968,3708493.43530638
978,20435878.0,174,0.06,61727928.9090909,3.0205665207578,3729374.57962009
979,21029174.0,170,0.06,63665964.8571429,3.02750668462503,3750765.74917243
980,21654352.0,143,0.05,65766545.5,3.03710522023471,3772860.90038833
981,22133074.0,155,0.06,68063044.0,3.07517356152155,3795698.05377225
982,22831392.0,216,0.08,70575913.5555556,3.09117874002407,3819087.56390774
983,23720900.0,200,0.07,73332090.8235294,3.09145482774808,3843307.06000468
984,24580430.0,182,0.07,76379069.625,3.1073121839203,3868596.61845251
985,25613070.0,172,0.06,79763469.6,3.11417060118135,3894914.06874672
986,26694856.0,192,0.07,83554084.8571429,3.1299694913935,3922475.18033461
987,28049568.0,173,0.06,87823663.0769231,3.13101660164331,3951337.51343938
988,29339484.0,129,0.05,92697344.6666667,3.15947426569147,3981841.60266287
989,30448586.0,160,0.06,98356322.7272727,3.23024270247797,4013899.30480869
990,31851234.0,177,0.07,105006831.6,3.29679005843227,4047276.43447433
991,33849840.0,188,0.07,112913164.0,3.33570746567783,4082338.17163136
992,36516172.0,167,0.06,122462788.0,3.35365897608325,4119828.72809027
993,39906368.0,195,0.07,134256562.285714,3.36428918526773,4160578.84541342
994,44425728.0,237,0.09,149228368.0,3.35905284433381,4205485.61570813
995,50424252.0,176,0.07,168989191.2,3.35134750635468,4255950.16073234
996,56735584.0,176,0.07,197052593.0,3.47317466583229,4313805.17556851
997,66976284.0,158,0.06,240411362.666667,3.58949986933683,4379414.41064289
998,80290080.0,142,0.05,320472004.0,3.99142713520774,4457660.49762959
999,115134280.0,199,0.07,525809728.0,4.56692592336531,4552332.68177737
1000,525809728.0,191,0.07,,0.0,4690215.40910682
